{"schemaVersion":"1.0","appDefinitionTemplate":{"id":"/providers/Microsoft.PowerApps/apps/","type":"Microsoft.PowerApps/apps","tags":{"primaryDeviceWidth":"414","primaryDeviceHeight":"896","supportsPortrait":"true","supportsLandscape":"true","primaryFormFactor":"Tablet","showStatusBar":"false","publisherVersion":"3.25051.13","minimumRequiredApiVersion":"2.2.0","hasComponent":"true","hasUnlockedComponent":"true","isUnifiedRootApp":"false","sienaVersion":"20250520T010055Z-3.25051.13.0"},"properties":{"appVersion":"2025-05-20T01:00:55Z","lifeCycleId":"Published","createdByClientVersion":{"major":3,"minor":25051,"build":13,"revision":0,"majorRevision":0,"minorRevision":0},"minClientVersion":{"major":3,"minor":25051,"build":13,"revision":0,"majorRevision":0,"minorRevision":0},"backgroundColor":"RGBA(0,176,240,1)","backgroundImageUri":"/1774239155907394623/Nc4f37947-2a3b-4536-a047-fad7f2a32ca1-logoSmallFile","displayName":"Task App","description":"","commitMessage":"","appUris":{"documentUri":{"value":"/1774239155907394623/N679130fe-7858-4bc4-97dc-3431caf492d5-document.msapp"},"imageUris":[],"additionalUris":[{"isSolutionAware":false,"value":"/1774239155907394623/N08461a46-ee25-49a7-8f80-6f89db94a1da-identity.json"}]},"createdTime":"0001-01-01T00:00:00Z","lastModifiedTime":"0001-01-01T00:00:00Z","sharedGroupsCount":0,"sharedUsersCount":0,"connectionReferences":{},"databaseReferences":{"default.cds":{"databaseDetails":{"referenceType":"Environmental","environmentName":"default.cds","overrideValues":{"status":"NotSpecified","environmentVariableName":""}},"dataSources":{"Safety Task Record":{"entitySetName":"mscsu_safetytaskrecords","logicalName":"mscsu_safetytaskrecord","isHidden":false},"Inspection Record":{"entitySetName":"mscsu_inspectionrecords","logicalName":"mscsu_inspectionrecord","isHidden":false}},"actions":["providers/PowerPlatform.Governance/Operations/Read"]}},"almMode":"Environment","performanceOptimizationEnabled":true,"canConsumeAppPass":true,"enableModernRuntimeMode":false,"executionRestrictions":{"isTeamsOnly":false,"dataLossPreventionEvaluationResult":{"status":"Compliant","lastEvaluationDate":"2025-05-19T04:12:56.2186116Z","violations":[],"violationsByPolicy":[],"violationErrorMessage":"The app uses the following connectors: ."}}},"isAppComponentLibrary":false,"appType":"ClassicCanvasApp","appComponents":[]}}